"gender","transaction_amount"
"Female",6622198.199999755
"Male",3876675.9800002105
