"channel","total_transaction_amount"
"system",74810501.5600102
"teller",61690495.78999995
"internet",-29068726.38999998
"atm",-96933396.77999999
